Timestamp,Iteration,Score,Improvement,Best Score,Strategy,Prompt Length,User Scores,Edge Cases
2025-05-08 11:47:57,1,0.72,0.0,0.72,multiple,373,"user1:0.6000, user2:1.0000, user3:0.0000, user4:1.0000, user5:1.0000",1
2025-05-08 11:48:47,2,0.6799999999999999,-0.040000000000000036,0.6799999999999999,multiple,2293,"user1:0.4000, user2:1.0000, user3:0.0000, user4:1.0000, user5:1.0000",2
2025-05-08 11:49:40,3,0.52,-0.15999999999999992,0.52,multiple,3242,"user1:0.4000, user2:0.4000, user3:0.0000, user4:0.8000, user5:1.0000",3
2025-05-08 11:50:29,4,0.76,0.24,0.76,multiple,4164,"user1:1.0000, user2:0.8000, user3:0.0000, user4:1.0000, user5:1.0000",1
2025-05-08 11:51:15,5,0.76,0.0,0.76,multiple,4719,"user1:0.8000, user2:1.0000, user3:0.0000, user4:1.0000, user5:1.0000",1
2025-05-08 11:52:17,6,0.64,-0.12,0.64,multiple,4992,"user1:0.2000, user2:1.0000, user3:0.0000, user4:1.0000, user5:1.0000",2
2025-05-08 11:53:11,7,0.8800000000000001,0.2400000000000001,0.8800000000000001,multiple,5044,"user1:0.6000, user2:1.0000, user3:0.8000, user4:1.0000, user5:1.0000",0
2025-05-08 11:54:04,8,0.64,-0.2400000000000001,0.64,multiple,4564,"user1:0.2000, user2:1.0000, user3:0.0000, user4:1.0000, user5:1.0000",2
2025-05-08 11:54:57,9,0.64,0.0,0.64,multiple,4706,"user1:0.2000, user2:1.0000, user3:0.0000, user4:1.0000, user5:1.0000",2
2025-05-08 11:55:51,10,0.76,0.12,0.76,multiple,4799,"user1:1.0000, user2:1.0000, user3:0.0000, user4:0.8000, user5:1.0000",1
2025-05-08 11:56:47,11,0.6799999999999999,-0.08000000000000007,0.6799999999999999,multiple,4980,"user1:0.4000, user2:1.0000, user3:0.0000, user4:1.0000, user5:1.0000",2
2025-05-08 11:57:57,12,0.8400000000000001,0.16000000000000014,0.8400000000000001,multiple,4460,"user1:0.6000, user2:1.0000, user3:0.8000, user4:0.8000, user5:1.0000",0
2025-05-08 11:58:48,13,0.64,-0.20000000000000007,0.64,multiple,4098,"user1:0.2000, user2:1.0000, user3:0.0000, user4:1.0000, user5:1.0000",2
2025-05-08 11:59:41,14,0.6799999999999999,0.039999999999999925,0.6799999999999999,multiple,4549,"user1:0.4000, user2:1.0000, user3:0.0000, user4:1.0000, user5:1.0000",2
2025-05-08 12:00:33,15,0.96,0.28,0.96,multiple,4550,"user1:0.8000, user2:1.0000, user3:1.0000, user4:1.0000, user5:1.0000",0
